company_id,company_name,also_known_as,plant_name,plot_address,area_block,pincode,geo_lat,geo_lng,google_maps_url,industry_category,products_services,tier,company_size_signal,phone_primary,phone_alt,whatsapp,email,website,contact_person_name,contact_person_role,decision_maker_confidence,gstin,cin,company_status,directors,year_established,employee_estimate,processes_likely,electrode_likely,volume_signal,current_supplier_known,pitch_angle,priority_score,priority_label,data_source,last_verified_date,verification_status,outreach_status,notes,assigned_to
BHO-001,Advance Preci-Tech,,J-166 plant,"J Block, Plot No. 166, MIDC, Bhosari, Pune - 411026",J Block,411026,,,"https://www.google.com/maps/search/?api=1&query=Advance+Preci-Tech+J+Block,+Plot+No.+166,+MIDC,+Bhosari,+Pune+-+411026",Heavy fabrication,Heavy pressure vessel fabrication; precision engineering fab,1,SME,+91 97669 15151,,+91 9197669151,enquiry@advanceprecitech.com,https://advanceprecitech.com,,Purchase,Med,,,,,,,SMAW;GMAW,E7018;E6013;E308L,High,Unknown,Heavy pressure vessel fab (up to 200T) — high E7018 demand,5,Hot,Website,2026-09-03,Phone-ok,Not contacted,,
BHO-002,Brahma Techno Engineering,Kalpak Engineers,T Block,"Plot No. BGP 111, General T Block, Bhosari MIDC, Pune - 411026",T Block,411026,,,"https://www.google.com/maps/search/?api=1&query=Brahma+Techno+Engineering+Plot+No.+BGP+111,+General+T+Block,+Bhosari+MIDC,+Pune+-+411026",Steel fabrication,Steel structures; frames; general metal fabrication,1,SME,,,,,https://www.indiamart.com/kalpak-engineers/,Nitin Sawant,Purchase,Med,,,,,2008,,SMAW;GTAW,E7018;E6013;E308L,High,Unknown,"Boilers, tanks, heat exchangers, SS fab — E7018 primary",5,Hot,IndiaMART,,Unverified,Not contacted,Also listed as Kalpak Engineers on IndiaMART,
BHO-003,Datsons Engineering Works Pvt Ltd,Datsons,W-13/14/15 S Block (Unit-1),"Plot No. W-13, 14, 15, S Block, MIDC, Bhosari, Pune - 411026",S Block / W,411026,,,"https://www.google.com/maps/search/?api=1&query=Datsons+Engineering+Works+Pvt+Ltd+Plot+No.+W-13,+14,+15,+S+Block,+MIDC,+Bhosari,+Pune+-+411026",Sheet-metal fabrication,Auto sheet-metal; canopies; fabricated auto components,1,Large,+91 20 27127414,+91 90110 97737,+91 9120271274,,https://www.datsonsengg.com,,Purchase,Med,,,,,1983,,SMAW;GMAW,E6013;E7018,High,Unknown,Auto sheet-metal & canopies — E6013 volume + E7018 structural,5,Hot,Website,2026-09-03,Phone-ok,Not contacted,Unit 1 Bhosari; Unit 2 Chakan; +91 20 27120909 also listed,
BHO-004,Diamond Fabrication I Pvt Ltd,Diamond Fabrications India,Bhosari MIDC,"Bhosari MIDC, Pune - 411026",Bhosari MIDC,411026,,,"https://www.google.com/maps/search/?api=1&query=Diamond+Fabrication+I+Pvt+Ltd+Bhosari+MIDC,+Pune+-+411026",Heavy fabrication,Heavy steel fabrication; structural & pressure parts; welded assemblies,1,SME,,,,,https://www.indiamart.com/diamond-fabrications-india/,Aseem S. Kogekar,Owner,Med,,,,Subhash Anant Kogekar; Aseem S. Kogekar,,,SMAW;GTAW,E7018;E6013;E308L,High,Unknown,Process equipment & pressure vessels — coded E7018/E308L,5,Hot,IndiaMART,,Unverified,Not contacted,CEO Aseem S. Kogekar; MS/SS/exotic fab,
BHO-005,Essem Engineers & Fabricators,ESSEM,Sector 10,"Sector No. 10, Plot No. 147, PCNTDA, Bhosari, Pune - 411026",Sector 10,411026,,,"https://www.google.com/maps/search/?api=1&query=Essem+Engineers+&+Fabricators+Sector+No.+10,+Plot+No.+147,+PCNTDA,+Bhosari,+Pune+-+411026",Sheet-metal fabrication,Sheet-metal components; enclosures; canopies; light fab,1,SME,+91 94220 14693,+91 80875 28594,+91 9194220146,essemengineers1@gmail.com,https://essemengineersandfab.com,Madhukar Baloji,Owner,High,27AICPB4333R1Z4,,,,2002,,SMAW;GMAW;Cutting,E6013;E7018;E308L;Cutting,Med,Unknown,Laser + SS/MS fab & MH equipment — E6013/E7018 + cutting rods,5,Hot,Website,2026-09-03,Phone-ok,Not contacted,GSTIN 27AICPB4333R1Z4,
BHO-006,Fabri-Tek Engineers,Fabritek,S-151 Bhosari (+ Chakan Unit-II),"S-151, M.I.D.C. Bhosari, Pune - 411026",S Block,411026,,,"https://www.google.com/maps/search/?api=1&query=Fabri-Tek+Engineers+S-151,+M.I.D.C.+Bhosari,+Pune+-+411026",Boiler/tank manufacturers,ASME pressure vessels; storage tanks; process equipment,1,Large,+91 83088 15577,+91 98814 98707,+91 9183088155,info@fabritekengineers.com,https://fabritekengineers.com,Mr. Baba Kolase / Mr. Kunal Raut,Owner,High,,,,,,,SMAW;GTAW,E7018;E6013;E308L,High,Unknown,ASME pressure vessels & tanks — E7018 + E308L coded welding,5,Hot,Website,2026-09-03,Phone-ok,Not contacted,Directors listed on contact page; also Unit-II Chakan,
BHO-007,Fabtech Projects & Engineers Ltd,Fabtech,Bhosari MIDC,"Bhosari MIDC, Pune - 411026",Bhosari MIDC,411026,,,"https://www.google.com/maps/search/?api=1&query=Fabtech+Projects+&+Engineers+Ltd+Bhosari+MIDC,+Pune+-+411026",Heavy fabrication,Heavy steel fabrication; structural & pressure parts; welded assemblies,1,Large,,,,,https://www.indiamart.com/fabtech-projects-engineers-limited/,D Thorat,Purchase,Low,,,,,,,SMAW;GTAW,E7018;E6013;E308L,High,Unknown,EPC process equipment — high E7018/E308L electrode consumption,5,Hot,IndiaMART,,Unverified,Not contacted,"Pressure vessels, columns, heat exchangers; large turnover band",
BHO-008,Ganesh Engineering Works,,S Block,"S-188 MIDC Bhosari, Near Color Bond company, Pune - 411026",S Block,411026,,,"https://www.google.com/maps/search/?api=1&query=Ganesh+Engineering+Works+S-188+MIDC+Bhosari,+Near+Color+Bond+company,+Pune+-+411026",Sheet-metal fabrication,Sheet-metal components; enclosures; canopies; light fab,1,SME,+91 98900 81081,+91 20 27120876,+91 9198900810,sushant@ganeshengg.co.in,http://www.sme.in/ganeshengineering/,Mr. Sushant Shah,Owner,High,,,,,,,SMAW;GMAW,E6013;E7018,Med,Unknown,Auto sheet & fabricated components — Bharatweld E6013 cartons,5,Hot,Website,2026-09-03,Phone-ok,Not contacted,"Supplies Tata Motors, Force Motors, etc.",
BHO-009,Jaisons Engineers & Consultants,Jaisons Engineers,T-48 Gawali Matha plant,"Plot No. 48, T Block, Near Rose Garden, Gawali Matha, MIDC Bhosari, Pune - 411026",T Block,411026,,,"https://www.google.com/maps/search/?api=1&query=Jaisons+Engineers+&+Consultants+Plot+No.+48,+T+Block,+Near+Rose+Garden,+Gawali+Matha,+MIDC+Bhosari,+Pune+-+411026",Heavy fabrication,Heavy fabrication; PEB structures; boiler manufacturing; CNC/laser/plasma cutting; welding & painting,1,SME,+91 99701 99457,+91 84591 18862,+91 9199701994,jaisonsengineers20@gmail.com,https://www.jaisonsglobal.com,Sajid Shaikh,Purchase,Med,,,,,2020,,SMAW;GMAW;GTAW;Cutting,E7018;E6013;E308L;Cutting,High,Unknown,Heavy fab + PEB + boiler works — Bharatweld E7018 + cutting rods,5,Hot,Website,2026-09-03,Phone-ok,Not contacted,"Also sales@jaisonsglobal.com; CNC/laser/plasma cutting, PEB, welding & painting",
BHO-010,MACHINESPACE India Pvt Ltd,Machine Space,Sector 7 Plot 76,"Plot No. 76, Sector No. 7, PCNTDA, MIDC Bhosari, Pune - 411026",Sector 7,411026,,,"https://www.google.com/maps/search/?api=1&query=MACHINESPACE+India+Pvt+Ltd+Plot+No.+76,+Sector+No.+7,+PCNTDA,+MIDC+Bhosari,+Pune+-+411026",Sheet-metal fabrication,TIG/MIG welding (Al & SS); custom enclosures & cabinets; CNC/VMC precision parts; structural fabrication,1,SME,+91 95958 58695,,+91 9195958586,info@machinespace.in,https://www.machinespace.in,Sadik Mujavar,Director,High,,,,,2020,,GTAW;GMAW;SMAW,E6013;E7018;E308L,High,Unknown,Certified TIG/MIG Al & SS welding — E308L + Al specialty; MS E6013/E7018,5,Hot,Website,2026-09-03,Phone-ok,Not contacted,"Enclosures, cabinets, defence/aerospace components; WPS/PQR certified welding",
BHO-011,MILKON Heavy Engineering Pvt Ltd,Milkon Heavy Engineering Co.,T-103 Bhosari works,"T-Block, Plot No. 103 / S-8, MIDC Bhosari, Pune - 411026",T Block,411026,,,"https://www.google.com/maps/search/?api=1&query=MILKON+Heavy+Engineering+Pvt+Ltd+T-Block,+Plot+No.+103+/+S-8,+MIDC+Bhosari,+Pune+-+411026",Boiler/tank manufacturers,Dairy process equipment; milk silos & storage tanks; ghee boilers; bulk milk coolers; SS pumps & blenders,1,Large,+91 98600 87875,+91 20 66301555,+91 9198600878,info@milkonengineers.com,https://www.milkondairyequipment.com,,Purchase,Med,,,,,1983,,SMAW;GTAW,E7018;E6013;E308L,High,Unknown,SS dairy tanks/silos & process equipment — E308L + E7018 coded welds,5,Hot,Website,2026-09-03,Phone-ok,Not contacted,Works: Bhosari T-103; also sales@milkonengineers.com; +91 78754 44955 / 81498 06559,
BHO-012,Radiant Heat Exchanger Pvt Ltd,Radiant Engineers,S-116/2 & S-19 Bhosari plants,"S-116/2, MIDC, Bhosari, Pune - 411026",S Block,411026,,,"https://www.google.com/maps/search/?api=1&query=Radiant+Heat+Exchanger+Pvt+Ltd+S-116/2,+MIDC,+Bhosari,+Pune+-+411026",Heavy engineering,Shell & tube heat exchangers; pressure vessels; process equipment,1,Large,+91 20 40718000,+91 20 40718026,+91 9120407180,sales@radiantengineers.com,https://www.radiantengineers.com,,Purchase,Med,,,,,1977,38+,SMAW;GTAW,E7018;E6013;E308L,High,Unknown,Heat exchangers & pressure vessels — E7018 + E308L for process equipment,5,Hot,Website,2026-09-03,Phone-ok,Not contacted,Plant 2: S-19 MIDC Bhosari,
BHO-013,Rakhoh Industries Pvt Ltd,Rakhoh Boilers,S-11 T Block plant,"S-11, T Block, MIDC Industrial Area, Bhosari, Pune - 411026",T Block,411026,,,"https://www.google.com/maps/search/?api=1&query=Rakhoh+Industries+Pvt+Ltd+S-11,+T+Block,+MIDC+Industrial+Area,+Bhosari,+Pune+-+411026",Boiler/tank manufacturers,Steam boilers; industrial boilers; boiler pressure parts,1,Large,+91 20 66308333,+91 20 66308340,+91 9120663083,enquiry@rakhoh.com,https://www.rakhoh.com,,Purchase,Med,,,,,1983,500+,SMAW;GTAW,E7018;E6013;E308L,High,Unknown,Large boiler OEM — E7018 volume + maintenance cutting electrodes,5,Hot,Website,2026-09-03,Phone-ok,Not contacted,Established steam boiler manufacturer in T Block,
BHO-014,SNEHA Industries,Sneha Industries,"J-40, S Block plant","J-40, S Block, MIDC Bhosari, Pune - 411026",S Block / J-40,411026,,,"https://www.google.com/maps/search/?api=1&query=SNEHA+Industries+J-40,+S+Block,+MIDC+Bhosari,+Pune+-+411026",Heavy fabrication,VMC & CNC machining; sheet-metal components; heavy fabrication; TIG welding; fluid-handling parts,1,SME,+91 98236 32332,,+91 9198236323,info@snehaindustries.com,https://snehaindustries.com,Swapnil Sawant,Director,High,,,,,1993,,SMAW;GTAW;GMAW,E7018;E6013;E308L,High,Unknown,VMC/CNC + heavy & sheet fab — E7018/E6013 + SS E308L,5,Hot,Website,2026-09-03,Phone-ok,Not contacted,"Plant: J-40 S Block; VMC/CNC machining, TIG welding, sheet metal & heavy fabrication",
BHO-015,Sahil Fabricators,,Sector 7,"Sector No. 7, Plot No. 284, PCNTDA Industrial Estate, Bhosari, Pune - 411026",Sector 7,411026,,,"https://www.google.com/maps/search/?api=1&query=Sahil+Fabricators+Sector+No.+7,+Plot+No.+284,+PCNTDA+Industrial+Estate,+Bhosari,+Pune+-+411026",Steel fabrication,Steel structures; frames; general metal fabrication,1,Micro,+91 9921278758,,+91 9199212787,,,,Owner,Low,,,,,,,SMAW;GMAW,E6013;E7018,High,Unknown,Fabricator — E6013/E7018,5,Hot,Pune MIDC / Bhosari public directory (stale risk),,Unverified,Not contacted,Phone from older public directory — confirm on Google Maps / call before WhatsApp campaign,
BHO-016,Sandeep Steels,,General Block,"Plot No. 71/B/52, General Block, Kheera Industrial Premises, Bhosari, Pune - 411026",General Block,411026,,,"https://www.google.com/maps/search/?api=1&query=Sandeep+Steels+Plot+No.+71/B/52,+General+Block,+Kheera+Industrial+Premises,+Bhosari,+Pune+-+411026",Steel fabrication,Steel structures; frames; general metal fabrication,1,SME,+91 020-27122438,,+91 9102027122,,,,Purchase,Low,,,,,,,SMAW;GMAW,E6013;E7018,High,Unknown,Steel works — E6013/E7018,5,Hot,Pune MIDC / Bhosari public directory (stale risk),,Unverified,Not contacted,Phone from older public directory — confirm on Google Maps / call before WhatsApp campaign,
BHO-017,Sankalp Steeltech Corporation Pvt Ltd,Sankalp Steeltech,Sector 7 Plot 140/141,"Plot No. 140/141, Sector No. 7, PCNTDA, Bhosari, Pune - 411026",Sector 7,411026,,,"https://www.google.com/maps/search/?api=1&query=Sankalp+Steeltech+Corporation+Pvt+Ltd+Plot+No.+140/141,+Sector+No.+7,+PCNTDA,+Bhosari,+Pune+-+411026",Steel fabrication,"Mild steel stockist (beams, plates, pipes); laser cutting; hardening; metal fabrication support",1,SME,+91 73500 04114,+91 20 66113892,+91 9173500041,info@sankalpsteeltech.com,https://www.sankalpsteeltech.com,,Purchase,Med,,,,,1993,,SMAW;GMAW;Cutting,E6013;E7018;Cutting,High,Unknown,Steel stockist + fab support — E6013/E7018 for in-house & customer fab,5,Hot,Website,2026-09-03,Phone-ok,Not contacted,"Also +91 87999 27473; mild steel beams, plates, pipes; laser cutting / hardening services",
BHO-018,Saz Metals,,S Block,"Plot No. W-109, S Block, MIDC, Bhosari, Pune - 411026",S Block,411026,,,"https://www.google.com/maps/search/?api=1&query=Saz+Metals+Plot+No.+W-109,+S+Block,+MIDC,+Bhosari,+Pune+-+411026",Steel fabrication,Steel structures; frames; general metal fabrication,1,SME,+91 020-27120152,,+91 9102027120,,,,Purchase,Low,,,,,,,SMAW;GMAW,E6013;E7018,High,Unknown,Metals/fab — E6013/E7018,5,Hot,Pune MIDC / Bhosari public directory (stale risk),,Unverified,Not contacted,Phone from older public directory — confirm on Google Maps / call before WhatsApp campaign,
BHO-019,Shahade Fabricators,,Sector 10,"Plot No. 226, Sector No. 10, Near Sai Associates, Bhosari, Pune - 411026",Sector 10,411026,,,"https://www.google.com/maps/search/?api=1&query=Shahade+Fabricators+Plot+No.+226,+Sector+No.+10,+Near+Sai+Associates,+Bhosari,+Pune+-+411026",Steel fabrication,Steel structures; frames; general metal fabrication,1,Micro,+91 9422360934,,+91 9194223609,,,,Owner,Low,,,,,,,SMAW;GMAW,E6013;E7018,High,Unknown,Fabricator — E6013/E7018 Hot lead,5,Hot,Pune MIDC / Bhosari public directory (stale risk),,Unverified,Not contacted,Phone from older public directory — confirm on Google Maps / call before WhatsApp campaign,
BHO-020,Shimja Engineers & Contractors,,J Block,"Plot No. 323, J Block, MIDC, Bhosari, Pune - 411026",J Block,411026,,,"https://www.google.com/maps/search/?api=1&query=Shimja+Engineers+&+Contractors+Plot+No.+323,+J+Block,+MIDC,+Bhosari,+Pune+-+411026",Structural fabrication,"Beams, columns, platforms, structural steelwork",1,SME,+91 020-46768974,,+91 9102046768,,,,Purchase,Low,,,,,,,SMAW;GMAW,E6013;E7018,High,Unknown,Contract fab — E6013/E7018,5,Hot,Pune MIDC / Bhosari public directory (stale risk),,Unverified,Not contacted,Phone from older public directory — confirm on Google Maps / call before WhatsApp campaign,
BHO-021,Shraddha Engineers & Fabricators,,J Block,"Plot No. J-29, MIDC, Bhosari, Pune - 411026",J Block,411026,,,"https://www.google.com/maps/search/?api=1&query=Shraddha+Engineers+&+Fabricators+Plot+No.+J-29,+MIDC,+Bhosari,+Pune+-+411026",Steel fabrication,Steel structures; frames; general metal fabrication,1,SME,+91 020-27120386,,+91 9102027120,,,,Purchase,Low,,,,,,,SMAW;GMAW,E6013;E7018,High,Unknown,Fabricators — E6013/E7018 Hot,5,Hot,Pune MIDC / Bhosari public directory (stale risk),,Unverified,Not contacted,Phone from older public directory — confirm on Google Maps / call before WhatsApp campaign,
BHO-022,Shree Engineering (112/5 S Block),,S Block,"Plot No. 112/5, S Block, MIDC, Bhosari, Pune - 411026",S Block,411026,,,"https://www.google.com/maps/search/?api=1&query=Shree+Engineering+(112/5+S+Block)+Plot+No.+112/5,+S+Block,+MIDC,+Bhosari,+Pune+-+411026",Steel fabrication,Steel structures; frames; general metal fabrication,1,SME,+91 020-27127711,,+91 9102027127,,,,Purchase,Low,,,,,,,SMAW;GMAW,E6013;E7018,High,Unknown,Steel eng/fab — E6013/E7018,5,Hot,Pune MIDC / Bhosari public directory (stale risk),,Unverified,Not contacted,Phone from older public directory — confirm on Google Maps / call before WhatsApp campaign,
BHO-023,Shree Fabricators (S-4/2),,T Block,"Plot No. S-4/2, T Block, MIDC, Bhosari, Pune - 411026",T Block,411026,,,"https://www.google.com/maps/search/?api=1&query=Shree+Fabricators+(S-4/2)+Plot+No.+S-4/2,+T+Block,+MIDC,+Bhosari,+Pune+-+411026",Steel fabrication,Steel structures; frames; general metal fabrication,1,SME,+91 020-27120150,,+91 9102027120,,,,Purchase,Low,,,,,,,SMAW;GMAW,E6013;E7018,High,Unknown,Fabricators — E6013/E7018 Hot,5,Hot,Pune MIDC / Bhosari public directory (stale risk),,Unverified,Not contacted,Phone from older public directory — confirm on Google Maps / call before WhatsApp campaign,
BHO-024,Shree Govind Steels,,S Block,"W-12, S Block, MIDC, Bhosari, Pune - 411026",S Block,411026,,,"https://www.google.com/maps/search/?api=1&query=Shree+Govind+Steels+W-12,+S+Block,+MIDC,+Bhosari,+Pune+-+411026",Steel fabrication,Steel structures; frames; general metal fabrication,1,SME,+91 020-27111634,,+91 9102027111,,,,Purchase,Low,,,,,,,SMAW;GMAW,E6013;E7018,High,Unknown,Steels — E6013/E7018,5,Hot,Pune MIDC / Bhosari public directory (stale risk),,Unverified,Not contacted,Phone from older public directory — confirm on Google Maps / call before WhatsApp campaign,
BHO-025,Shree Laxmi Fabrication,,General Block,"T-71/1A/8, General Block, Near Jayanand Khira Co., Bhosari, Pune - 411026",General Block,411026,,,"https://www.google.com/maps/search/?api=1&query=Shree+Laxmi+Fabrication+T-71/1A/8,+General+Block,+Near+Jayanand+Khira+Co.,+Bhosari,+Pune+-+411026",Steel fabrication,Steel structures; frames; general metal fabrication,1,Micro,+91 9822055447,,+91 9198220554,,,,Owner,Low,,,,,,,SMAW;GMAW,E6013;E7018,High,Unknown,Fabrication — E6013 Hot mobile,5,Hot,Pune MIDC / Bhosari public directory (stale risk),,Unverified,Not contacted,Phone from older public directory — confirm on Google Maps / call before WhatsApp campaign,
BHO-026,Shubham Udyog,,MIDC Bhosari,"359 MIDC, Bhosari, Pimpri-Chinchwad, Pune - 411026",MIDC Bhosari,411026,,,"https://www.google.com/maps/search/?api=1&query=Shubham+Udyog+359+MIDC,+Bhosari,+Pimpri-Chinchwad,+Pune+-+411026",Boiler/tank manufacturers,Boilers; pressure vessels; tanks; heat exchangers,1,SME,+91 80480 46755,,+91 9180480467,shubhamudyog@yahoo.co.in,https://www.shubhamudyogpune.in,,Owner,Med,,,,,1989,,SMAW;GTAW,E7018;E6013;E308L,High,Unknown,IBR boilers & pressure parts — Bharatweld E7018 trial pack,5,Hot,Website,2026-09-03,Phone-ok,Not contacted,"Boilers, thermic fluid heaters, heat exchangers, SS fabrication",
BHO-027,Silson Boilers,Silson Group,115/2 General Block plant,"115/2, General Block, MIDC, Bhosari, Pune - 411026",General Block,411026,,,"https://www.google.com/maps/search/?api=1&query=Silson+Boilers+115/2,+General+Block,+MIDC,+Bhosari,+Pune+-+411026",Boiler/tank manufacturers,IBR steam boilers; thermic fluid heaters; pressure vessels; heat exchangers,1,Large,+91 94050 34183,+91 98220 53375,+91 9194050341,response@silsonboilers.in,https://www.silsonboilers.in,,Purchase,Med,,,,,1989,110+,SMAW;GTAW,E7018;E6013;E308L,High,Unknown,IBR boiler fab — lead with Bharatweld E7018; SS parts need E308L,5,Hot,Website;Maps,2026-09-03,Phone-ok,Not contacted,"20,000+ sq ft Bhosari facility; ISO 9001 & IBR",
BHO-028,Sterling Engineers & Boilers Pvt Ltd,Sterling Engineers,General Block / T Block,"T-71/1-A/7, General Block, MIDC, Bhosari, Pune - 411026",General Block / T Block,411026,,,"https://www.google.com/maps/search/?api=1&query=Sterling+Engineers+&+Boilers+Pvt+Ltd+T-71/1-A/7,+General+Block,+MIDC,+Bhosari,+Pune+-+411026",Boiler/tank manufacturers,Boilers; pressure vessels; tanks; heat exchangers,1,SME,+91 96890 11211,,+91 9196890112,sterlingboiler@gmail.com,https://www.sterlingengineers.in,,Purchase,Med,,,,,2012,,SMAW;GTAW,E7018;E6013,High,Unknown,"Pressure vessels, chimneys, tanks — E7018 structural & pressure welds",5,Hot,Website,2026-09-03,Phone-ok,Not contacted,,
BHO-029,Super-Tech Fabrication,,J-251/252 Bhosari plant (+ Chakan unit),"J-251/252, MIDC Bhosari (behind Tata Motors), Pune - 411026; also Chakan MIDC unit",J Block,411026,,,"https://www.google.com/maps/search/?api=1&query=Super-Tech+Fabrication+J-251/252,+MIDC+Bhosari+(behind+Tata+Motors),+Pune+-+411026;+also+Chakan+MIDC+unit",Heavy fabrication,HRSG casing panels; chimneys/stacks; ducts; tanks; hoppers; platforms & railings; structural steelwork; boiler components,1,Large,+91 20 27472213,+91 20 27441102,+91 9120274722,supertech@vsnl.net,https://supertechfabrication.com,N. P. Khodade / L. N. Khodade,Owner,Med,,,,,,,SMAW;GMAW;Cutting,E6013;E7018;Cutting,High,Unknown,"HRSG casings, chimneys, ducts, tanks, hoppers, platforms — high E7018 volume",5,Hot,Website;Directory,2026-09-03,Phone-ok,Not contacted,Est. 1990; ISO 9001; Bhosari + Chakan plants; boiler components & structural steel; also +91 20 25663290 | Directory/web phones may be stale — re-verify before dialing,
BHO-030,Malgudi Associates,,Sector 7 Plot 149/2,"Plot No. 149/2, PCNTDA, Sector No. 7, MIDC, Bhosari, Pune - 411026",Sector 7,411026,,,"https://www.google.com/maps/search/?api=1&query=Malgudi+Associates+Plot+No.+149/2,+PCNTDA,+Sector+No.+7,+MIDC,+Bhosari,+Pune+-+411026",Crane manufacturers,EOT & jib cranes; material-handling cranes,2,SME,+91 79711 90892,,+91 9179711908,,https://www.malgudiassociates.com,Mallesh B. K. / Ravikumar Mallappa Kummur,Owner,High,,,,,2009,11-25,SMAW;GMAW,E7018;E6013,High,Unknown,EOT & jib cranes — E7018 girder welding opportunity,5,Hot,Website;IndiaMART,2026-09-03,Phone-ok,Not contacted,"Clients include JCB, Bharat Forge, John Deere",
BHO-031,Malgudi Cranes & Components,Malgudi,Sector 7 Plot 238,"Plot No. 238, Sector No. 7, Bhosari MIDC, Pune - 411026",Sector 7,411026,,,"https://www.google.com/maps/search/?api=1&query=Malgudi+Cranes+&+Components+Plot+No.+238,+Sector+No.+7,+Bhosari+MIDC,+Pune+-+411026",Crane manufacturers,EOT cranes; goliath cranes; crane components,2,SME,+91 94225 12489,+91 97666 25828,+91 9194225124,sales@malgudicranes.com,https://malgudicranes.com,Mallesh B. K.,Owner,High,,,,,2000,,SMAW;GMAW,E7018;E6013,High,Unknown,EOT/goliath crane girders — Bharatweld E7018 for structural welds,5,Hot,Website,2026-09-03,Phone-ok,Not contacted,2000+ crane installations claimed,
BHO-032,BMC Enterprises,,J Block,"Plot No. J-399, MIDC, Bhosari, Pune - 411026",J Block,411026,,,"https://www.google.com/maps/search/?api=1&query=BMC+Enterprises+Plot+No.+J-399,+MIDC,+Bhosari,+Pune+-+411026",Heavy engineering,Heavy machinery components; engineered welded fabrications,1,SME,,,,,https://www.indiamart.com/bmcent-com-990956/,Babulal Mohiddin Choudhari,Owner,Med,,,,,1993,11-25,SMAW;GMAW,E7018;E6013;E308L,Med,Unknown,Heavy CNC + fabrication of vessels — E7018 for pressure parts,4,Hot,IndiaMART,,Unverified,Not contacted,"Proprietor Abbas / Babulal Choudhari; 6 bays, overhead cranes",
BHO-033,Finix Engineering Works,,Sector 10,"Sector No. 10, Plot No. 246, PCNTDA, MIDC, Bhosari, Pune - 411026",Sector 10,411026,,,"https://www.google.com/maps/search/?api=1&query=Finix+Engineering+Works+Sector+No.+10,+Plot+No.+246,+PCNTDA,+MIDC,+Bhosari,+Pune+-+411026",Steel fabrication,Steel structures; frames; general metal fabrication,1,SME,,,,sales@finixengineering.com,https://finixengineering.com,,Purchase,Low,,,,,,44+,SMAW;GTAW,E7018;E6013;E308L,High,Unknown,SS/MS vessels & tanks — E7018 + E308L sample kit,4,Hot,Website,2026-09-03,Unverified,Not contacted,25+ years steel fabrication,
BHO-034,K Engineering & Fab Works,,Sector 10,"Plot No. 235, Sector-10, PCNTDA, Bhosari, Pune - 411026",Sector 10,411026,,,"https://www.google.com/maps/search/?api=1&query=K+Engineering+&+Fab+Works+Plot+No.+235,+Sector-10,+PCNTDA,+Bhosari,+Pune+-+411026",Structural fabrication,"Beams, columns, platforms, structural steelwork",1,Micro,,,,,https://www.tradeindia.com/,Mr. Dinesh Bhagwat Choudhary,Owner,Med,,,,,2013,,SMAW,E6013;E7018,Med,Unknown,Industrial & gate fabrication — E6013 primary,4,Hot,TradeIndia,,Unverified,Not contacted,"Gate, grill, industrial fab services",
BHO-035,Pilon Engineering,,J Block,"Plot No. 513/2/1, J Block, MIDC, Bhosari, Pune - 411026",J Block,411026,,,"https://www.google.com/maps/search/?api=1&query=Pilon+Engineering+Plot+No.+513/2/1,+J+Block,+MIDC,+Bhosari,+Pune+-+411026",Boiler/tank manufacturers,Boilers; pressure vessels; tanks; heat exchangers,1,SME,,,,sales@pilonengineering.com,https://pilonengineering.com,,Purchase,Low,,,,,,,SMAW;GTAW,E7018;E6013;E308L,High,Unknown,Coded pressure vessels — Bharatweld E7018 for CS shells,4,Hot,Website,2026-09-03,Unverified,Not contacted,info@pilonengineering.com also listed,
BHO-036,SP Engineers,,MIDC Bhosari,"142, MIDC Industrial Area, Bhosari, PCMC - 411026",MIDC Bhosari,411026,,,"https://www.google.com/maps/search/?api=1&query=SP+Engineers+142,+MIDC+Industrial+Area,+Bhosari,+PCMC+-+411026",Steel fabrication,Steel structures; frames; general metal fabrication,1,Micro,+91 20 27125972,,+91 9120271259,,,,Owner,Low,,,,,,,SMAW,E6013;E7018,Med,Unknown,Steel/door/gate fab — start with E6013 sample,4,Hot,AskLaila;Directory,,Unverified,Not contacted,Near Ankit Traders,
BHO-037,Sadguru Equipments Pvt Ltd,,Sector 7,"Plot No. 88, Sector No. 7, PCNTDA, Bhosari, Pune - 411026",Sector 7,411026,,,"https://www.google.com/maps/search/?api=1&query=Sadguru+Equipments+Pvt+Ltd+Plot+No.+88,+Sector+No.+7,+PCNTDA,+Bhosari,+Pune+-+411026",Machine/equipment manufacturers,Industrial machines/equipment frames & fabricated parts,1,SME,+91 020-27121341,,+91 9102027121,,,,Purchase,Low,,,,,,,SMAW;GMAW;GTAW,E7018;E6013;E308L,Med,Unknown,Equipment OEM — E7018 frames,4,Hot,Pune MIDC / Bhosari public directory (stale risk),,Unverified,Not contacted,Phone from older public directory — confirm on Google Maps / call before WhatsApp campaign,
BHO-038,Salunkhe Crane Service,,J Block,"Plot No. 20/2/4, J Block, Opp. Kwality Ice Cream, MIDC, Bhosari, Pune - 411026",J Block,411026,,,"https://www.google.com/maps/search/?api=1&query=Salunkhe+Crane+Service+Plot+No.+20/2/4,+J+Block,+Opp.+Kwality+Ice+Cream,+MIDC,+Bhosari,+Pune+-+411026",Industrial maintenance,Plant repair welding; maintenance fabrication; cutting/hardfacing jobs,1,Micro,+91 020-27130745,,+91 9102027130,,,,Owner,Low,,,,,,,SMAW;Cutting;Hardfacing,E6013;E7018;Cutting;Mn hardfacing,Med,Unknown,Crane service — cutting + E6013 maintenance,4,Hot,Pune MIDC / Bhosari public directory (stale risk),,Unverified,Not contacted,Phone from older public directory — confirm on Google Maps / call before WhatsApp campaign,
BHO-039,Sankalp Technologies,,Sector 7,"Plot No. 242, Sector No. 7, PCNTDA, Bhosari, Pune - 411026",Sector 7,411026,,,"https://www.google.com/maps/search/?api=1&query=Sankalp+Technologies+Plot+No.+242,+Sector+No.+7,+PCNTDA,+Bhosari,+Pune+-+411026",Machine/equipment manufacturers,Industrial machines/equipment frames & fabricated parts,1,SME,+91 020-66125494,,+91 9102066125,,,,Purchase,Low,,,,,,,SMAW;GMAW;GTAW,E7018;E6013;E308L,Med,Unknown,Tech/equipment — E6013/E7018,4,Hot,Pune MIDC / Bhosari public directory (stale risk),,Unverified,Not contacted,Phone from older public directory — confirm on Google Maps / call before WhatsApp campaign,
BHO-040,Saurabh Mechanical Maintenance Works,,Sector 7,"Plot No. 225, Sector No. 7, PCNTDA, MIDC, Bhosari, Pune - 411026",Sector 7,411026,,,"https://www.google.com/maps/search/?api=1&query=Saurabh+Mechanical+Maintenance+Works+Plot+No.+225,+Sector+No.+7,+PCNTDA,+MIDC,+Bhosari,+Pune+-+411026",Industrial maintenance,Plant repair welding; maintenance fabrication; cutting/hardfacing jobs,1,Micro,+91 020-32547976,,+91 9102032547,,,,Owner,Low,,,,,,,SMAW;Cutting;Hardfacing,E6013;E7018;Cutting;Mn hardfacing,Med,Unknown,Maintenance — E6013 + cutting + Mn,4,Hot,Pune MIDC / Bhosari public directory (stale risk),,Unverified,Not contacted,Phone from older public directory — confirm on Google Maps / call before WhatsApp campaign,
BHO-041,Sawalka Tools & Machines Pvt Ltd,,J Block,"Plot No. J-196, MIDC, Bhosari, Pune - 411026",J Block,411026,,,"https://www.google.com/maps/search/?api=1&query=Sawalka+Tools+&+Machines+Pvt+Ltd+Plot+No.+J-196,+MIDC,+Bhosari,+Pune+-+411026",Machine/equipment manufacturers,Industrial machines/equipment frames & fabricated parts,1,SME,+91 020-66114422,,+91 9102066114,,,,Purchase,Low,,,,,,,SMAW;GMAW;GTAW,E7018;E6013;E308L,Med,Unknown,Tools/machines — E6013/E7018,4,Hot,Pune MIDC / Bhosari public directory (stale risk),,Unverified,Not contacted,Phone from older public directory — confirm on Google Maps / call before WhatsApp campaign,
BHO-042,Saynak Hydraulics,,Sector 7,"Plot No. 179, Sector 7, PCNTDA Industrial Estate, Bhosari, Pune - 411026",Sector 7,411026,,,"https://www.google.com/maps/search/?api=1&query=Saynak+Hydraulics+Plot+No.+179,+Sector+7,+PCNTDA+Industrial+Estate,+Bhosari,+Pune+-+411026",Machine/equipment manufacturers,Industrial machines/equipment frames & fabricated parts,1,SME,+91 020-66306025,,+91 9102066306,,,,Purchase,Low,,,,,,,SMAW;GMAW;GTAW,E7018;E6013;E308L,Med,Unknown,Hydraulics equipment — structural E7018,4,Hot,Pune MIDC / Bhosari public directory (stale risk),,Unverified,Not contacted,Phone from older public directory — confirm on Google Maps / call before WhatsApp campaign,
BHO-043,Scan Thermocon Inc,,Sector 7,"Plot No. 180, Sector No. 7, PCNTDA, Near Times of India, MIDC, Bhosari, Pune - 411026",Sector 7,411026,,,"https://www.google.com/maps/search/?api=1&query=Scan+Thermocon+Inc+Plot+No.+180,+Sector+No.+7,+PCNTDA,+Near+Times+of+India,+MIDC,+Bhosari,+Pune+-+411026",Machine/equipment manufacturers,Industrial machines/equipment frames & fabricated parts,1,SME,+91 020-66302874,,+91 9102066302,,,,Purchase,Low,,,,,,,SMAW;GMAW;GTAW,E7018;E6013;E308L,Med,Unknown,Equipment — E6013,4,Hot,Pune MIDC / Bhosari public directory (stale risk),,Unverified,Not contacted,Phone from older public directory — confirm on Google Maps / call before WhatsApp campaign,
BHO-044,Sharex Chemicals Pvt Ltd,,J Block,"Plot No. J-317, MIDC, Bhosari, Pune - 411026",J Block,411026,,,"https://www.google.com/maps/search/?api=1&query=Sharex+Chemicals+Pvt+Ltd+Plot+No.+J-317,+MIDC,+Bhosari,+Pune+-+411026",Industrial maintenance,Plant repair welding; maintenance fabrication; cutting/hardfacing jobs,1,SME,+91 020-27121826,,+91 9102027121,,,,Purchase,Low,,,,,,,SMAW;Cutting;Hardfacing,E6013;E7018;Cutting;Mn hardfacing,Med,Unknown,Plant maintenance electrodes,4,Hot,Pune MIDC / Bhosari public directory (stale risk),,Unverified,Not contacted,Phone from older public directory — confirm on Google Maps / call before WhatsApp campaign,
BHO-045,Sharp Arc Welding Services,,General Block,"Paras Industrial Premises, Gala No. 10, Plot No. 71/1B/12, General T Block, MIDC, Bhosari, Pune - 411026",General Block,411026,,,"https://www.google.com/maps/search/?api=1&query=Sharp+Arc+Welding+Services+Paras+Industrial+Premises,+Gala+No.+10,+Plot+No.+71/1B/12,+General+T+Block,+MIDC,+Bhosari,+Pune+-+411026",Industrial maintenance,Plant repair welding; maintenance fabrication; cutting/hardfacing jobs,1,Micro,+91 9822073369,,+91 9198220733,,,,Owner,Low,,,,,,,SMAW;Cutting;Hardfacing,E6013;E7018;Cutting;Mn hardfacing,Med,Unknown,Welding services — stock Bharatweld electrodes,4,Hot,Pune MIDC / Bhosari public directory (stale risk),,Unverified,Not contacted,Phone from older public directory — confirm on Google Maps / call before WhatsApp campaign,
BHO-046,Shiv Industrial Products,,J Block,"Plot No. 339, J Block, MIDC, Bhosari, Pune - 411026",J Block,411026,,,"https://www.google.com/maps/search/?api=1&query=Shiv+Industrial+Products+Plot+No.+339,+J+Block,+MIDC,+Bhosari,+Pune+-+411026",Machine/equipment manufacturers,Industrial machines/equipment frames & fabricated parts,1,SME,+91 020-27122962,,+91 9102027122,,,,Purchase,Low,,,,,,,SMAW;GMAW;GTAW,E7018;E6013;E308L,Med,Unknown,Industrial products — E7018,4,Hot,Pune MIDC / Bhosari public directory (stale risk),,Unverified,Not contacted,Phone from older public directory — confirm on Google Maps / call before WhatsApp campaign,
BHO-047,Shree Automation Pvt Ltd,,J Block,"Plot No. J-201, MIDC, Bhosari, Pune - 411026",J Block,411026,,,"https://www.google.com/maps/search/?api=1&query=Shree+Automation+Pvt+Ltd+Plot+No.+J-201,+MIDC,+Bhosari,+Pune+-+411026",Machine/equipment manufacturers,Industrial machines/equipment frames & fabricated parts,1,SME,+91 020-27441424,,+91 9102027441,,,,Purchase,Low,,,,,,,SMAW;GMAW;GTAW,E7018;E6013;E308L,Med,Unknown,Automation equipment — E6013/E7018,4,Hot,Pune MIDC / Bhosari public directory (stale risk),,Unverified,Not contacted,Phone from older public directory — confirm on Google Maps / call before WhatsApp campaign,
BHO-048,Shree Ganesh Pressing And Fabricators,,S Block,"Plot No. W-111, S Block, MIDC, Bhosari, Pune - 411026",S Block,411026,,,"https://www.google.com/maps/search/?api=1&query=Shree+Ganesh+Pressing+And+Fabricators+Plot+No.+W-111,+S+Block,+MIDC,+Bhosari,+Pune+-+411026",Sheet-metal fabrication,Sheet-metal components; enclosures; canopies; light fab,1,SME,+91 020-26767964,,+91 9102026767,,,,Purchase,Low,,,,,,,SMAW;GMAW,E6013,Med,Unknown,Pressing & fab — E6013,4,Hot,Pune MIDC / Bhosari public directory (stale risk),,Unverified,Not contacted,Phone from older public directory — confirm on Google Maps / call before WhatsApp campaign,
BHO-049,CARMAC Technologies Pvt Ltd,,J Block,"J-65/1, J Block MIDC, Bhosari, Pune - 411026",J Block,411026,,,"https://www.google.com/maps/search/?api=1&query=CARMAC+Technologies+Pvt+Ltd+J-65/1,+J+Block+MIDC,+Bhosari,+Pune+-+411026",Trailer/body builders,Trailer chassis; truck/container bodies,2,SME,,,,,https://www.exportersindia.com/carmac-technologies-pvt-ltd/,Ritesh Srinivasan,Owner,High,,,,,,,SMAW;GMAW,E6013;E7018,High,Unknown,Trailers & chassis — high E6013/E7018 body-builder volume,4,Hot,ExportersIndia,,Unverified,Not contacted,Modular/boat/cable drum trailers; welding rotator products,
BHO-050,Gulmohar Engineering Works,GEW Cranes,Sector 7,"Plot No. 299, Sector No. 7, PCNTDA, Bhosari, Near Gold Star Weigh Bridge, Pune - 411026",Sector 7,411026,,,"https://www.google.com/maps/search/?api=1&query=Gulmohar+Engineering+Works+Plot+No.+299,+Sector+No.+7,+PCNTDA,+Bhosari,+Near+Gold+Star+Weigh+Bridge,+Pune+-+411026",Crane manufacturers,EOT/jib cranes; girders; hoists; crane structures,2,SME,,,,,https://www.gewcranes.co.in,Mr. Sandeep Dalal,Owner,High,,,,,2009,26-50,SMAW;GMAW,E7018;E6013,High,Unknown,EOT cranes & hoists — Bharatweld E7018 for crane fab,4,Hot,Website,2026-09-03,Unverified,Not contacted,Also Alandi unit listed on profile,
BHO-051,Natraj Enterprises,,S Block / W,"W-176, S Block, MIDC, Bhosari, Pune - 411026",S Block / W,411026,,,"https://www.google.com/maps/search/?api=1&query=Natraj+Enterprises+W-176,+S+Block,+MIDC,+Bhosari,+Pune+-+411026",Material-handling equipment,Conveyors; trolleys; stackers; MH structures,2,SME,+91 20 46764446,,+91 9120467644,,https://www.exportersindia.com/natraj-enterprises-pune/,Dheeraj Desai,Owner,High,,,,,1980,20-50,SMAW;GMAW,E6013;E7018,Med,Unknown,MH equipment & trailers — E6013/E7018 for structures,4,Hot,ExportersIndia,,Phone-ok,Not contacted,"Trolleys, stackers, floor cranes, heavy-duty trailers",
BHO-052,Nihal Industries,,Sector 10,"Plot No. 260, Sector-10, PCNTDA, Bhosari, Pune - 411026",Sector 10,411026,,,"https://www.google.com/maps/search/?api=1&query=Nihal+Industries+Plot+No.+260,+Sector-10,+PCNTDA,+Bhosari,+Pune+-+411026",Auto-component manufacturers,Auto stampings/assemblies; fixtures; shop welding,2,SME,+91 99220 10786,+91 90903 67171,+91 9199220107,jabbar.shaikh@nihalind.com,https://www.nihalind.com,Jabbar Shaikh,Owner,Med,,,,,,,SMAW;GMAW,E6013;E7018,Med,Unknown,Auto sheet tools/fixtures — E6013 for fixture fab + maintenance,4,Hot,Website,2026-09-03,Phone-ok,Not contacted,"Unit-2: Plot 161, J Block MIDC Bhosari; sister Maxrich Industries | Directory/web phones may be stale — re-verify before dialing",
BHO-053,Sandeep Engineering Works,,Sector 10,"Plot No. 169, Sector-10, PCNTDA, Bhosari, Pune - 411026",Sector 10,411026,,,"https://www.google.com/maps/search/?api=1&query=Sandeep+Engineering+Works+Plot+No.+169,+Sector-10,+PCNTDA,+Bhosari,+Pune+-+411026",Foundries,Castings; foundry repair & hardfacing,2,SME,+91 95525 95391,+91 98220 36430,+91 9195525953,info@sewpune.com,http://www.sme.in/sandeepengineering/,Mr. D S Jagtap,Owner,High,,,,,,,SMAW;Hardfacing;Cutting,E6013;Mn hardfacing;Cutting,Low,Unknown,Die casting foundry — Mn hardfacing + repair electrodes,4,Hot,Website,2026-09-03,Phone-ok,Not contacted,Aluminium die/sand casting; Sandeepengg.work@gmail.com,
BHO-054,Super Crane Industries,,J Block,"Unit 2, J Block, EL-59, MIDC Bhosari, Pune - 411026",J Block,411026,,,"https://www.google.com/maps/search/?api=1&query=Super+Crane+Industries+Unit+2,+J+Block,+EL-59,+MIDC+Bhosari,+Pune+-+411026",Crane manufacturers,EOT/jib cranes; girders; hoists; crane structures,2,SME,,,,,https://www.super-crane.com,Mr. John Daniel / Mrs. Mercy John,Owner,High,,,,,1998,11-25,SMAW;GMAW,E7018;E6013,High,Unknown,EOT/HOT cranes & hoists — E7018 structural fab,4,Hot,Website,2026-09-03,Unverified,Not contacted,"Promoter Mercy John; clients Thermax, Bharat Bijlee",
BHO-055,Supertech Engineers & Fabricators,,Sector 10,"Plot 80, Sector-10, MIDC Bhosari, Pune - 411026",Sector 10,411026,,,"https://www.google.com/maps/search/?api=1&query=Supertech+Engineers+&+Fabricators+Plot+80,+Sector-10,+MIDC+Bhosari,+Pune+-+411026",Crane manufacturers,EOT/jib cranes; girders; hoists; crane structures,2,SME,,,,,https://www.tradeindia.com/supertech-engineers-fabricators-2284267/,Mr. Sachin Pujari,Owner,Med,,,,,,,SMAW;GMAW,E7018;E6013,High,Unknown,EOT cranes & MH trolleys — E7018 girder welding,4,Hot,TradeIndia,,Unverified,Not contacted,GST 27AMWPP1987H1Z5; also listed J Block addresses in directories | Directory/web phones may be stale — re-verify before dialing,
BHO-056,Vishal Fabricators & Engineering Works,,Sector 10,"Plot No. 105, Sector-10, PCNTDA MIDC, Bhosari, Pune - 411026",Sector 10,411026,,,"https://www.google.com/maps/search/?api=1&query=Vishal+Fabricators+&+Engineering+Works+Plot+No.+105,+Sector-10,+PCNTDA+MIDC,+Bhosari,+Pune+-+411026",Sheet-metal fabrication,Sheet-metal components; enclosures; canopies; light fab,1,SME,,,,,https://www.tradeindia.com/vishal-fabricators-engineering-works-25217955/,,Purchase,Low,,,,,,,SMAW;GMAW,E6013,Med,Unknown,Sheet/CNC fab — E6013 primary,3,Warm,TradeIndia,,Unverified,Not contacted,GST 27ARJPK3872C1ZR; est. 2016 | Directory/web phones may be stale — re-verify before dialing,
BHO-057,Dynamic Engineering And Solutions,,Bhosari MIDC,"Bhosari MIDC, Pune - 411026",Bhosari MIDC,411026,,,"https://www.google.com/maps/search/?api=1&query=Dynamic+Engineering+And+Solutions+Bhosari+MIDC,+Pune+-+411026",Material-handling equipment,Conveyors; trolleys; stackers; MH structures,2,SME,,,,,https://www.indiamart.com/dynnamic-engineering/,P M Kulkarni,Owner,Med,27AAMFD4893N1ZL,,,,2005,26-50,SMAW;GMAW,E6013;E7018,Med,Unknown,Conveyors & process equipment — steady E6013/E7018,3,Warm,IndiaMART,,Unverified,Not contacted,GST 27AAMFD4893N1ZL; CEO Pradeep Madhukar Kulkarni,
BHO-058,Sahas Auto Components,,J/S Block,"Plot No. J-58, S Block, MIDC, Bhosari, Pune - 411026",J/S Block,411026,,,"https://www.google.com/maps/search/?api=1&query=Sahas+Auto+Components+Plot+No.+J-58,+S+Block,+MIDC,+Bhosari,+Pune+-+411026",Auto-component manufacturers,Auto stampings/assemblies; fixtures; shop welding,2,SME,+91 9823462300,,+91 9198234623,,,,Purchase,Low,,,,,,,SMAW;GMAW,E6013;E7018,Med,Unknown,Auto components — maintenance electrodes,3,Warm,Pune MIDC / Bhosari public directory (stale risk),,Unverified,Not contacted,Phone from older public directory — confirm on Google Maps / call before WhatsApp campaign,
BHO-059,Sahayog Founders & Engineers,,General Block,"Plot No. T/S-37, General Block, MIDC, Bhosari, Pune - 411026",General Block,411026,,,"https://www.google.com/maps/search/?api=1&query=Sahayog+Founders+&+Engineers+Plot+No.+T/S-37,+General+Block,+MIDC,+Bhosari,+Pune+-+411026",Foundries,Castings; foundry repair & hardfacing,2,SME,+91 020-66111662,,+91 9102066111,,,,Purchase,Low,,,,,,,SMAW;Hardfacing;Cutting,E6013;Mn hardfacing;Cutting,Low,Unknown,Foundry/eng — Mn hardfacing + repair rods,3,Warm,Pune MIDC / Bhosari public directory (stale risk),,Unverified,Not contacted,Phone from older public directory — confirm on Google Maps / call before WhatsApp campaign,
BHO-060,Sai Auto Stampings,,Sector 7,"Sector No. 7, Plot No. 126, PCNTDA, MIDC, Bhosari, Pune - 411026",Sector 7,411026,,,"https://www.google.com/maps/search/?api=1&query=Sai+Auto+Stampings+Sector+No.+7,+Plot+No.+126,+PCNTDA,+MIDC,+Bhosari,+Pune+-+411026",Auto-component manufacturers,Auto stampings/assemblies; fixtures; shop welding,2,SME,+91 020-27124711,,+91 9102027124,,,,Purchase,Low,,,,,,,SMAW;GMAW,E6013;E7018,Med,Unknown,Stampings — fixture/repair E6013,3,Warm,Pune MIDC / Bhosari public directory (stale risk),,Unverified,Not contacted,Phone from older public directory — confirm on Google Maps / call before WhatsApp campaign,
BHO-061,Salaskar Automotive Pvt Ltd,,Sector 7,"Plot No. 245, Sector No. 7, PCNTDA, MIDC, Bhosari, Pune - 411026",Sector 7,411026,,,"https://www.google.com/maps/search/?api=1&query=Salaskar+Automotive+Pvt+Ltd+Plot+No.+245,+Sector+No.+7,+PCNTDA,+MIDC,+Bhosari,+Pune+-+411026",Auto-component manufacturers,Auto stampings/assemblies; fixtures; shop welding,2,SME,+91 020-65322379,,+91 9102065322,,,,Purchase,Low,,,,,,,SMAW;GMAW,E6013;E7018,Med,Unknown,Auto — fixture welding electrodes,3,Warm,Pune MIDC / Bhosari public directory (stale risk),,Unverified,Not contacted,Phone from older public directory — confirm on Google Maps / call before WhatsApp campaign,
BHO-062,Sam Hitech Components Pvt Ltd,,J Block,"Plot No. J-83, MIDC, Bhosari, Pune - 411026",J Block,411026,,,"https://www.google.com/maps/search/?api=1&query=Sam+Hitech+Components+Pvt+Ltd+Plot+No.+J-83,+MIDC,+Bhosari,+Pune+-+411026",Auto-component manufacturers,Auto stampings/assemblies; fixtures; shop welding,2,SME,+91 020-66111675,,+91 9102066111,,,,Purchase,Low,,,,,,,SMAW;GMAW,E6013;E7018,Med,Unknown,Auto components — shop electrodes,3,Warm,Pune MIDC / Bhosari public directory (stale risk),,Unverified,Not contacted,Phone from older public directory — confirm on Google Maps / call before WhatsApp campaign,
BHO-063,Sandeep Engineering Works (directory),,Sector 10,"Plot No. 169, Sector No. 10, PCNTDA, MIDC, Bhosari, Pune - 411026",Sector 10,411026,,,"https://www.google.com/maps/search/?api=1&query=Sandeep+Engineering+Works+(directory)+Plot+No.+169,+Sector+No.+10,+PCNTDA,+MIDC,+Bhosari,+Pune+-+411026",Foundries,Castings; foundry repair & hardfacing,2,SME,+91 020-64101431,,+91 9102064101,,,,Purchase,Low,,,,,,,SMAW;Hardfacing;Cutting,E6013;Mn hardfacing;Cutting,Low,Unknown,Casting/eng works — hardfacing + E6013,3,Warm,Pune MIDC / Bhosari public directory (stale risk),,Unverified,Not contacted,Phone from older public directory — confirm on Google Maps / call before WhatsApp campaign,
BHO-064,Sanmati Pressings Pvt Ltd,,J Block,"Plot No. J-9, MIDC, Bhosari, Pune - 411026",J Block,411026,,,"https://www.google.com/maps/search/?api=1&query=Sanmati+Pressings+Pvt+Ltd+Plot+No.+J-9,+MIDC,+Bhosari,+Pune+-+411026",Auto-component manufacturers,Auto stampings/assemblies; fixtures; shop welding,2,SME,+91 020-66111379,,+91 9102066111,,,,Purchase,Low,,,,,,,SMAW;GMAW,E6013;E7018,Med,Unknown,Pressings — fixture electrodes,3,Warm,Pune MIDC / Bhosari public directory (stale risk),,Unverified,Not contacted,Phone from older public directory — confirm on Google Maps / call before WhatsApp campaign,
BHO-065,Savan Ancillaries,,J Block,"Plot No. J-447, MIDC, Bhosari, Pune - 411026",J Block,411026,,,"https://www.google.com/maps/search/?api=1&query=Savan+Ancillaries+Plot+No.+J-447,+MIDC,+Bhosari,+Pune+-+411026",Auto-component manufacturers,Auto stampings/assemblies; fixtures; shop welding,2,SME,+91 020-32314327,,+91 9102032314,,,,Purchase,Low,,,,,,,SMAW;GMAW,E6013;E7018,Med,Unknown,Ancillaries — shop electrodes,3,Warm,Pune MIDC / Bhosari public directory (stale risk),,Unverified,Not contacted,Phone from older public directory — confirm on Google Maps / call before WhatsApp campaign,
BHO-066,Schmalz India Pvt Ltd,,J Block,"Plot No. J-38, J Block, MIDC, Bhosari, Pune - 411026",J Block,411026,,,"https://www.google.com/maps/search/?api=1&query=Schmalz+India+Pvt+Ltd+Plot+No.+J-38,+J+Block,+MIDC,+Bhosari,+Pune+-+411026",Material-handling equipment,Conveyors; trolleys; stackers; MH structures,2,Large,+91 020-40725500,,+91 9102040725,,,,Purchase,Low,,,,,,,SMAW;GMAW,E6013;E7018,Med,Unknown,Vacuum MH OEM — maintenance electrodes,3,Warm,Pune MIDC / Bhosari public directory (stale risk),,Unverified,Not contacted,Phone from older public directory — confirm on Google Maps / call before WhatsApp campaign,
BHO-067,Shalini Cranes & Equipments Pvt Ltd,Shalin Material Handling,S Block,"S-99, MIDC, Bhosari, Pune - 411026",S Block,411026,,,"https://www.google.com/maps/search/?api=1&query=Shalini+Cranes+&+Equipments+Pvt+Ltd+S-99,+MIDC,+Bhosari,+Pune+-+411026",Crane manufacturers,EOT/jib cranes; girders; hoists; crane structures,2,SME,,,,,https://www.exportersindia.com/shalini-cranes-equipments-pvt-ltd/,,Purchase,Low,,,,,1997,,SMAW;GMAW,E7018;E6013,High,Unknown,Jib/EOT/hydraulic cranes — E7018 for load-bearing welds,3,Warm,ExportersIndia,,Unverified,Not contacted,,
BHO-068,Sheetal Rubber Products Pvt Ltd,,J Block,"Plot No. J-395, MIDC, Bhosari, Pune - 411026",J Block,411026,,,"https://www.google.com/maps/search/?api=1&query=Sheetal+Rubber+Products+Pvt+Ltd+Plot+No.+J-395,+MIDC,+Bhosari,+Pune+-+411026",Auto-component manufacturers,Auto stampings/assemblies; fixtures; shop welding,2,SME,+91 020-27121388,,+91 9102027121,,,,Purchase,Low,,,,,,,SMAW;GMAW,E6013;E7018,Med,Unknown,Rubber/auto — maintenance electrodes,3,Warm,Pune MIDC / Bhosari public directory (stale risk),,Unverified,Not contacted,Phone from older public directory — confirm on Google Maps / call before WhatsApp campaign,
BHO-069,Shelimo Cores,,T Block,"Plot No. T-72, MIDC, Bhosari, Pune - 411026",T Block,411026,,,"https://www.google.com/maps/search/?api=1&query=Shelimo+Cores+Plot+No.+T-72,+MIDC,+Bhosari,+Pune+-+411026",Foundries,Castings; foundry repair & hardfacing,2,SME,+91 020-27128339,,+91 9102027128,,,,Purchase,Low,,,,,,,SMAW;Hardfacing;Cutting,E6013;Mn hardfacing;Cutting,Low,Unknown,Cores/foundry support — repair rods,3,Warm,Pune MIDC / Bhosari public directory (stale risk),,Unverified,Not contacted,Phone from older public directory — confirm on Google Maps / call before WhatsApp campaign,
BHO-070,Shore Auto Rubber Exports Pvt Ltd,,Technicians Block,"Plot No. C-2/1, Technicians Block, Bhosari Industrial Estate, MIDC, Pune - 411026",Technicians Block,411026,,,"https://www.google.com/maps/search/?api=1&query=Shore+Auto+Rubber+Exports+Pvt+Ltd+Plot+No.+C-2/1,+Technicians+Block,+Bhosari+Industrial+Estate,+MIDC,+Pune+-+411026",Auto-component manufacturers,Auto stampings/assemblies; fixtures; shop welding,2,Large,+91 020-27127701,,+91 9102027127,,,,Purchase,Low,,,,,,,SMAW;GMAW,E6013;E7018,Med,Unknown,Auto rubber OEM — maintenance electrodes,3,Warm,Pune MIDC / Bhosari public directory (stale risk),,Unverified,Not contacted,Phone from older public directory — confirm on Google Maps / call before WhatsApp campaign,
BHO-071,Shree Pressing (Sector 7-241),,Sector 7,"Plot No. 241, Sector No. 7, MIDC, PCNTDA, Bhosari, Pune - 411026",Sector 7,411026,,,"https://www.google.com/maps/search/?api=1&query=Shree+Pressing+(Sector+7-241)+Plot+No.+241,+Sector+No.+7,+MIDC,+PCNTDA,+Bhosari,+Pune+-+411026",Auto-component manufacturers,Auto stampings/assemblies; fixtures; shop welding,2,SME,+91 9604310080,,+91 9196043100,,,,Purchase,Low,,,,,,,SMAW;GMAW,E6013;E7018,Med,Unknown,Pressings — fixture electrodes,3,Warm,Pune MIDC / Bhosari public directory (stale risk),,Unverified,Not contacted,Phone from older public directory — confirm on Google Maps / call before WhatsApp campaign,
BHO-072,Shree Stamping,,J Block,"Plot No. J-158, MIDC, Bhosari, Pune - 411026",J Block,411026,,,"https://www.google.com/maps/search/?api=1&query=Shree+Stamping+Plot+No.+J-158,+MIDC,+Bhosari,+Pune+-+411026",Auto-component manufacturers,Auto stampings/assemblies; fixtures; shop welding,2,SME,+91 020-27120378,,+91 9102027120,,,,Purchase,Low,,,,,,,SMAW;GMAW,E6013;E7018,Med,Unknown,Stampings — E6013 fixtures,3,Warm,Pune MIDC / Bhosari public directory (stale risk),,Unverified,Not contacted,Phone from older public directory — confirm on Google Maps / call before WhatsApp campaign,
BHO-073,Shree Yash Auto Comp Pvt Ltd,,J Block,"Plot No. J-363, MIDC, Bhosari, Pune - 411026",J Block,411026,,,"https://www.google.com/maps/search/?api=1&query=Shree+Yash+Auto+Comp+Pvt+Ltd+Plot+No.+J-363,+MIDC,+Bhosari,+Pune+-+411026",Auto-component manufacturers,Auto stampings/assemblies; fixtures; shop welding,2,SME,+91 020-27120955,,+91 9102027120,,,,Purchase,Low,,,,,,,SMAW;GMAW,E6013;E7018,Med,Unknown,Auto components — maintenance electrodes,3,Warm,Pune MIDC / Bhosari public directory (stale risk),,Unverified,Not contacted,Phone from older public directory — confirm on Google Maps / call before WhatsApp campaign,
BHO-074,S.S. Engineering Works,SS Engineering Works,Sector 7,"Plot No. 271, Sector No. 07, PCNTDA, Bhosari, Pune - 411026",Sector 7,411026,,,"https://www.google.com/maps/search/?api=1&query=S.S.+Engineering+Works+Plot+No.+271,+Sector+No.+07,+PCNTDA,+Bhosari,+Pune+-+411026",Machine shops,Machining + fixture/repair welding,3,SME,+91 20 66303495,+91 98228 98241,+91 9120663034,,https://sseworks.in,Sanjay Satav,Owner,High,,,,,,,SMAW,E6013;E7018,Low,Unknown,Machine components + fabrication — E6013 for shop welding,3,Warm,Website,2026-09-03,Phone-ok,Not contacted,Also +91 98814 98241,
BHO-075,Maxrich Industries,,Bhosari MIDC,"Bhosari MIDC (Nihal group), Pune - 411026",Bhosari MIDC,411026,,,"https://www.google.com/maps/search/?api=1&query=Maxrich+Industries+Bhosari+MIDC+(Nihal+group),+Pune+-+411026",Machine shops,Machining + fixture/repair welding,3,SME,+91 99220 10786,,+91 9199220107,jabbar.shaikh@nihalind.com,https://www.nihalind.com,,Purchase,Med,,,,,,,SMAW,E6013,Low,Unknown,Precision machining — repair/fixture E6013,2,Later,Website,2026-09-03,Phone-ok,Not contacted,Part of Nihal group; Hardford VMC shop | Directory/web phones may be stale — re-verify before dialing,
BHO-076,S & S Tooling,,S Block,"Plot No. W-18, S Block, MIDC, Bhosari, Pune - 411026",S Block,411026,,,"https://www.google.com/maps/search/?api=1&query=S+&+S+Tooling+Plot+No.+W-18,+S+Block,+MIDC,+Bhosari,+Pune+-+411026",Machine shops,Machining + fixture/repair welding,3,Micro,+91 020-27124792,,+91 9102027124,,,,Owner,Low,,,,,,,SMAW,E6013,Low,Unknown,Tooling shop — E6013 repair/fixture welding,2,Later,Pune MIDC / Bhosari public directory (stale risk),,Unverified,Not contacted,Phone from older public directory — confirm on Google Maps / call before WhatsApp campaign,
BHO-077,SAA Industries,,Sector 10,"Plot No. 133, Sector No. 10, PCNTDA, Bhosari, Pune - 411026",Sector 10,411026,,,"https://www.google.com/maps/search/?api=1&query=SAA+Industries+Plot+No.+133,+Sector+No.+10,+PCNTDA,+Bhosari,+Pune+-+411026",General engineering,General engineering job work; light fabrication,3,SME,+91 020-66307016,,+91 9102066307,,,,Purchase,Low,,,,,,,SMAW,E6013;E7018,Low,Unknown,Sector 10 unit — E6013,2,Later,Pune MIDC / Bhosari public directory (stale risk),,Unverified,Not contacted,Phone from older public directory — confirm on Google Maps / call before WhatsApp campaign,
BHO-078,Sachin Enterprises (S-31),,S Block,"Plot No. S-31, MIDC, Bhosari, Pune - 411026",S Block,411026,,,"https://www.google.com/maps/search/?api=1&query=Sachin+Enterprises+(S-31)+Plot+No.+S-31,+MIDC,+Bhosari,+Pune+-+411026",General engineering,General engineering job work; light fabrication,3,Micro,+91 020-27121660,,+91 9102027121,,,,Owner,Low,,,,,,,SMAW,E6013;E7018,Low,Unknown,Workshop — E6013 small packs,2,Later,Pune MIDC / Bhosari public directory (stale risk),,Unverified,Not contacted,Phone from older public directory — confirm on Google Maps / call before WhatsApp campaign,
BHO-079,Sachin Industries,,S Block,"Plot No. S-68, MIDC, Bhosari, Pune - 411026",S Block,411026,,,"https://www.google.com/maps/search/?api=1&query=Sachin+Industries+Plot+No.+S-68,+MIDC,+Bhosari,+Pune+-+411026",General engineering,General engineering job work; light fabrication,3,SME,+91 020-27126446,,+91 9102027126,,,,Purchase,Low,,,,,,,SMAW,E6013;E7018,Low,Unknown,"MIDC unit — verify fab, pitch E6013",2,Later,Pune MIDC / Bhosari public directory (stale risk),,Unverified,Not contacted,Phone from older public directory — confirm on Google Maps / call before WhatsApp campaign,
BHO-080,Saesh Industries,,T Block,"Plot No. 293, T Block, MIDC, Bhosari, Pune - 411026",T Block,411026,,,"https://www.google.com/maps/search/?api=1&query=Saesh+Industries+Plot+No.+293,+T+Block,+MIDC,+Bhosari,+Pune+-+411026",General engineering,General engineering job work; light fabrication,3,SME,+91 020-27121327,,+91 9102027121,,,,Purchase,Low,,,,,,,SMAW,E6013;E7018,Low,Unknown,T Block eng unit — E6013,2,Later,Pune MIDC / Bhosari public directory (stale risk),,Unverified,Not contacted,Phone from older public directory — confirm on Google Maps / call before WhatsApp campaign,
BHO-081,Sagar Machine Tools,,S Block,"Plot No. 140, S Block, MIDC, Bhosari, Pune - 411026",S Block,411026,,,"https://www.google.com/maps/search/?api=1&query=Sagar+Machine+Tools+Plot+No.+140,+S+Block,+MIDC,+Bhosari,+Pune+-+411026",Machine shops,Machining + fixture/repair welding,3,SME,+91 020-27128415,,+91 9102027128,,,,Purchase,Low,,,,,,,SMAW,E6013,Low,Unknown,Machine tools — fixture welding E6013,2,Later,Pune MIDC / Bhosari public directory (stale risk),,Unverified,Not contacted,Phone from older public directory — confirm on Google Maps / call before WhatsApp campaign,
BHO-082,Saher Enterprises,,S Block,"Plot No. 139, S Block, MIDC, Bhosari, Pune - 411026",S Block,411026,,,"https://www.google.com/maps/search/?api=1&query=Saher+Enterprises+Plot+No.+139,+S+Block,+MIDC,+Bhosari,+Pune+-+411026",General engineering,General engineering job work; light fabrication,3,Micro,+91 020-27124783,,+91 9102027124,,,,Owner,Low,,,,,,,SMAW,E6013;E7018,Low,Unknown,Engineering unit — E6013 entry,2,Later,Pune MIDC / Bhosari public directory (stale risk),,Unverified,Not contacted,Phone from older public directory — confirm on Google Maps / call before WhatsApp campaign,
BHO-083,Sai Engineering (Sector 10),,Sector 10,"Plot No. 131, Sector No. 10, PCNTDA, Bhosari, Pune - 411026",Sector 10,411026,,,"https://www.google.com/maps/search/?api=1&query=Sai+Engineering+(Sector+10)+Plot+No.+131,+Sector+No.+10,+PCNTDA,+Bhosari,+Pune+-+411026",General engineering,General engineering job work; light fabrication,3,Micro,+91 9881204323,,+91 9198812043,,,,Owner,Low,,,,,,,SMAW,E6013;E7018,Low,Unknown,Engineering shop — E6013,2,Later,Pune MIDC / Bhosari public directory (stale risk),,Unverified,Not contacted,Phone from older public directory — confirm on Google Maps / call before WhatsApp campaign,
BHO-084,Sai Engineers (W-57),,S Block,"Plot No. W-57, S Block, Gala No. 6, MIDC, Bhosari, Pune - 411026",S Block,411026,,,"https://www.google.com/maps/search/?api=1&query=Sai+Engineers+(W-57)+Plot+No.+W-57,+S+Block,+Gala+No.+6,+MIDC,+Bhosari,+Pune+-+411026",General engineering,General engineering job work; light fabrication,3,Micro,+91 020-56306265,,+91 9102056306,,,,Owner,Low,,,,,,,SMAW,E6013;E7018,Low,Unknown,Workshop — E6013,2,Later,Pune MIDC / Bhosari public directory (stale risk),,Unverified,Not contacted,Phone from older public directory — confirm on Google Maps / call before WhatsApp campaign,
BHO-085,Sai Industries (112/8 S Block),,S Block,"112/8, S Block, MIDC, Bhosari, Pune - 411026",S Block,411026,,,"https://www.google.com/maps/search/?api=1&query=Sai+Industries+(112/8+S+Block)+112/8,+S+Block,+MIDC,+Bhosari,+Pune+-+411026",General engineering,General engineering job work; light fabrication,3,SME,+91 020-27120558,,+91 9102027120,,,,Purchase,Low,,,,,,,SMAW,E6013;E7018,Low,Unknown,S Block unit — E6013,2,Later,Pune MIDC / Bhosari public directory (stale risk),,Unverified,Not contacted,Phone from older public directory — confirm on Google Maps / call before WhatsApp campaign,
BHO-086,Sai Industries (J-444),,J Block,"Plot No. J-444, MIDC, Bhosari, Pune - 411026",J Block,411026,,,"https://www.google.com/maps/search/?api=1&query=Sai+Industries+(J-444)+Plot+No.+J-444,+MIDC,+Bhosari,+Pune+-+411026",General engineering,General engineering job work; light fabrication,3,SME,+91 020-66302800,,+91 9102066302,,,,Purchase,Low,,,,,,,SMAW,E6013;E7018,Low,Unknown,J Block unit — E6013/E7018,2,Later,Pune MIDC / Bhosari public directory (stale risk),,Unverified,Not contacted,Phone from older public directory — confirm on Google Maps / call before WhatsApp campaign,
BHO-087,Sai Industries (W-225),,W/S Block,"Plot No. W-225, MIDC, Bhosari, Pune - 411026",W/S Block,411026,,,"https://www.google.com/maps/search/?api=1&query=Sai+Industries+(W-225)+Plot+No.+W-225,+MIDC,+Bhosari,+Pune+-+411026",General engineering,General engineering job work; light fabrication,3,SME,+91 9922901390,,+91 9199229013,,,,Purchase,Low,,,,,,,SMAW,E6013;E7018,Low,Unknown,Industrial unit — verify weld use,2,Later,Pune MIDC / Bhosari public directory (stale risk),,Unverified,Not contacted,Phone from older public directory — confirm on Google Maps / call before WhatsApp campaign,
BHO-088,Samarth Engineers (J-415),,J Block,"Plot No. J-415, MIDC, Bhosari, Pune - 411026",J Block,411026,,,"https://www.google.com/maps/search/?api=1&query=Samarth+Engineers+(J-415)+Plot+No.+J-415,+MIDC,+Bhosari,+Pune+-+411026",General engineering,General engineering job work; light fabrication,3,SME,+91 020-27129928,,+91 9102027129,,,,Purchase,Low,,,,,,,SMAW,E6013;E7018,Low,Unknown,Engineering — E6013/E7018,2,Later,Pune MIDC / Bhosari public directory (stale risk),,Unverified,Not contacted,Phone from older public directory — confirm on Google Maps / call before WhatsApp campaign,
BHO-089,Samarth Engineers (Sector 10-4/18),,Sector 10,"Plot No. 4/18, Sector No. 10, PCNTDA, Bhosari, Pune - 411026",Sector 10,411026,,,"https://www.google.com/maps/search/?api=1&query=Samarth+Engineers+(Sector+10-4/18)+Plot+No.+4/18,+Sector+No.+10,+PCNTDA,+Bhosari,+Pune+-+411026",Machine shops,Machining + fixture/repair welding,3,Micro,+91 020-66146033,,+91 9102066146,,,,Owner,Low,,,,,,,SMAW,E6013,Low,Unknown,Machine shop — E6013,2,Later,Pune MIDC / Bhosari public directory (stale risk),,Unverified,Not contacted,Phone from older public directory — confirm on Google Maps / call before WhatsApp campaign,
BHO-090,Samarth Engineers (Sector 10-74),,Sector 10,"Plot No. 74, Sector No. 10, PCNTDA, Bhosari, Pune - 411026",Sector 10,411026,,,"https://www.google.com/maps/search/?api=1&query=Samarth+Engineers+(Sector+10-74)+Plot+No.+74,+Sector+No.+10,+PCNTDA,+Bhosari,+Pune+-+411026",General engineering,General engineering job work; light fabrication,3,SME,+91 020-66126062,,+91 9102066126,,,,Purchase,Low,,,,,,,SMAW,E6013;E7018,Low,Unknown,Sector 10 eng — E6013,2,Later,Pune MIDC / Bhosari public directory (stale risk),,Unverified,Not contacted,Phone from older public directory — confirm on Google Maps / call before WhatsApp campaign,
BHO-091,Sampradeep Engineering Company,,Sector 7,"Plot No. 283, Sector No. 7, Electronic Zone, Bhosari, Pune - 411026",Sector 7,411026,,,"https://www.google.com/maps/search/?api=1&query=Sampradeep+Engineering+Company+Plot+No.+283,+Sector+No.+7,+Electronic+Zone,+Bhosari,+Pune+-+411026",General engineering,General engineering job work; light fabrication,3,SME,+91 020-66305011,,+91 9102066305,,,,Purchase,Low,,,,,,,SMAW,E6013;E7018,Low,Unknown,Engineering — E6013,2,Later,Pune MIDC / Bhosari public directory (stale risk),,Unverified,Not contacted,Phone from older public directory — confirm on Google Maps / call before WhatsApp campaign,
BHO-092,Sanjay Enterprises (W-160/A),,S Block,"Plot No. W-160/A, S Block MIDC, Bhosari, Pune - 411026",S Block,411026,,,"https://www.google.com/maps/search/?api=1&query=Sanjay+Enterprises+(W-160/A)+Plot+No.+W-160/A,+S+Block+MIDC,+Bhosari,+Pune+-+411026",General engineering,General engineering job work; light fabrication,3,Micro,+91 020-46768836,,+91 9102046768,,,,Owner,Low,,,,,,,SMAW,E6013;E7018,Low,Unknown,Workshop — E6013,2,Later,Pune MIDC / Bhosari public directory (stale risk),,Unverified,Not contacted,Phone from older public directory — confirm on Google Maps / call before WhatsApp campaign,
BHO-093,Sanjay Enterprises (W-208),,S Block,"Plot No. W-208, S Block, MIDC, Bhosari, Pune - 411026",S Block,411026,,,"https://www.google.com/maps/search/?api=1&query=Sanjay+Enterprises+(W-208)+Plot+No.+W-208,+S+Block,+MIDC,+Bhosari,+Pune+-+411026",General engineering,General engineering job work; light fabrication,3,Micro,+91 020-66115069,,+91 9102066115,,,,Owner,Low,,,,,,,SMAW,E6013;E7018,Low,Unknown,Workshop — E6013,2,Later,Pune MIDC / Bhosari public directory (stale risk),,Unverified,Not contacted,Phone from older public directory — confirm on Google Maps / call before WhatsApp campaign,
BHO-094,Sankalp Enterprises (S-206),,S Block,"S-206, MIDC, Bhosari, Pune - 411026",S Block,411026,,,"https://www.google.com/maps/search/?api=1&query=Sankalp+Enterprises+(S-206)+S-206,+MIDC,+Bhosari,+Pune+-+411026",General engineering,General engineering job work; light fabrication,3,SME,+91 020-27120156,,+91 9102027120,,,,Purchase,Low,,,,,,,SMAW,E6013;E7018,Low,Unknown,MIDC unit — E6013,2,Later,Pune MIDC / Bhosari public directory (stale risk),,Unverified,Not contacted,Phone from older public directory — confirm on Google Maps / call before WhatsApp campaign,
BHO-095,Sankalpana Industries,,S Block,"Plot No. 54, S Block, MIDC, Bhosari, Pune - 411026",S Block,411026,,,"https://www.google.com/maps/search/?api=1&query=Sankalpana+Industries+Plot+No.+54,+S+Block,+MIDC,+Bhosari,+Pune+-+411026",General engineering,General engineering job work; light fabrication,3,SME,+91 020-27129828,,+91 9102027129,,,,Purchase,Low,,,,,,,SMAW,E6013;E7018,Low,Unknown,Industrial unit — E6013,2,Later,Pune MIDC / Bhosari public directory (stale risk),,Unverified,Not contacted,Phone from older public directory — confirm on Google Maps / call before WhatsApp campaign,
BHO-096,Saraswali Enterprises,,S Block,"Plot No. S-113/7, S Block, MIDC, Bhosari, Pune - 411026",S Block,411026,,,"https://www.google.com/maps/search/?api=1&query=Saraswali+Enterprises+Plot+No.+S-113/7,+S+Block,+MIDC,+Bhosari,+Pune+-+411026",General engineering,General engineering job work; light fabrication,3,SME,+91 020-27122456,,+91 9102027122,,,,Purchase,Low,,,,,,,SMAW,E6013;E7018,Low,Unknown,S Block unit — E6013,2,Later,Pune MIDC / Bhosari public directory (stale risk),,Unverified,Not contacted,Phone from older public directory — confirm on Google Maps / call before WhatsApp campaign,
BHO-097,Sarath Engineering,,Sector 10,"Plot No. 126, Sector No. 10, PCNTDA, Near Times of India, Bhosari, Pune - 411026",Sector 10,411026,,,"https://www.google.com/maps/search/?api=1&query=Sarath+Engineering+Plot+No.+126,+Sector+No.+10,+PCNTDA,+Near+Times+of+India,+Bhosari,+Pune+-+411026",General engineering,General engineering job work; light fabrication,3,SME,+91 020-64100409,,+91 9102064100,,,,Purchase,Low,,,,,,,SMAW,E6013;E7018,Low,Unknown,Engineering — E6013,2,Later,Pune MIDC / Bhosari public directory (stale risk),,Unverified,Not contacted,Phone from older public directory — confirm on Google Maps / call before WhatsApp campaign,
BHO-098,Sathe And Sathe,,S Block,"Plot No. 61, S Block, MIDC, Bhosari, Pune - 411026",S Block,411026,,,"https://www.google.com/maps/search/?api=1&query=Sathe+And+Sathe+Plot+No.+61,+S+Block,+MIDC,+Bhosari,+Pune+-+411026",General engineering,General engineering job work; light fabrication,3,SME,+91 020-27120391,,+91 9102027120,,,,Purchase,Low,,,,,,,SMAW,E6013;E7018,Low,Unknown,Engineering firm — verify weld demand,2,Later,Pune MIDC / Bhosari public directory (stale risk),,Unverified,Not contacted,Phone from older public directory — confirm on Google Maps / call before WhatsApp campaign,
BHO-099,Satyam Industries (S-112/7/2),,S Block,"Plot No. S-112/7/2, MIDC, Bhosari, Pune - 411026",S Block,411026,,,"https://www.google.com/maps/search/?api=1&query=Satyam+Industries+(S-112/7/2)+Plot+No.+S-112/7/2,+MIDC,+Bhosari,+Pune+-+411026",General engineering,General engineering job work; light fabrication,3,SME,+91 020-27126297,,+91 9102027126,,,,Purchase,Low,,,,,,,SMAW,E6013;E7018,Low,Unknown,Industrial unit — E6013,2,Later,Pune MIDC / Bhosari public directory (stale risk),,Unverified,Not contacted,Phone from older public directory — confirm on Google Maps / call before WhatsApp campaign,
BHO-100,Satyam Industries (Sector 7-286),,Sector 7,"Plot No. 286, Sector No. 7, PCNTDA, Bhosari, Pune - 411026",Sector 7,411026,,,"https://www.google.com/maps/search/?api=1&query=Satyam+Industries+(Sector+7-286)+Plot+No.+286,+Sector+No.+7,+PCNTDA,+Bhosari,+Pune+-+411026",General engineering,General engineering job work; light fabrication,3,SME,+91 9881204322,,+91 9198812043,,,,Purchase,Low,,,,,,,SMAW,E6013;E7018,Low,Unknown,Sector 7 unit — E6013,2,Later,Pune MIDC / Bhosari public directory (stale risk),,Unverified,Not contacted,Phone from older public directory — confirm on Google Maps / call before WhatsApp campaign,
